{"cameraMode":{"drawMode":0,"name":"Shaded","section":"Shading Mode"},"sceneLighting":true,"audioPlay":false,"sceneViewState":{"m_AlwaysRefresh":false,"showFog":true,"showSkybox":true,"showFlares":true,"showImageEffects":true,"showParticleSystems":true,"showVisualEffectGraphs":true,"m_FxEnabled":true},"in2DMode":false,"pivot":{"x":1.5143978595733643,"y":3.8158974647521974,"z":0.08464622497558594},"rotation":{"x":-0.03325055167078972,"y":-0.0563410148024559,"z":0.0018772917101159692,"w":-0.9978561997413635},"size":3.624047040939331,"orthographic":false}