{"cameraMode":{"drawMode":0,"name":"Shaded","section":"Shading Mode"},"sceneLighting":true,"audioPlay":false,"sceneViewState":{"m_AlwaysRefresh":false,"showFog":true,"showSkybox":true,"showFlares":true,"showImageEffects":true,"showParticleSystems":true,"showVisualEffectGraphs":true,"m_FxEnabled":true},"in2DMode":false,"pivot":{"x":0.5759449601173401,"y":2.2436537742614748,"z":0.08541202545166016},"rotation":{"x":-0.03325055167078972,"y":-0.0563410148024559,"z":0.0018772917101159692,"w":-0.9978561997413635},"size":4.135639667510986,"orthographic":false}